<?xml version="1.0" encoding="UTF-8"?>
<beans xmlns="http://www.springframework.org/schema/beans"
	xmlns:xsi="http://www.w3.org/2001/XMLSchema-instance"
	xmlns:context="http://www.springframework.org/schema/context"
	xmlns:mvc="http://www.springframework.org/schema/mvc"
	xmlns:tx="http://www.springframework.org/schema/tx"
	xsi:schemaLocation="http://www.springframework.org/schema/mvc http://www.springframework.org/schema/mvc/spring-mvc.xsd
		http://www.springframework.org/schema/beans http://www.springframework.org/schema/beans/spring-beans.xsd
		http://www.springframework.org/schema/tx http://www.springframework.org/schema/tx/spring-tx-4.1.xsd
		http://www.springframework.org/schema/context http://www.springframework.org/schema/context/spring-context.xsd">
	<context:annotation-config></context:annotation-config>
	<context:component-scan base-package="com.project.BirthdayAPI.Employee"></context:component-scan>
	<context:component-scan base-package="com.project.BirthdayAPI.Host"></context:component-scan>
	<context:component-scan base-package="com.project.BirthdayAPI.Attendees"></context:component-scan>
	<mvc:annotation-driven></mvc:annotation-driven>
	<mvc:default-servlet-handler/>	
	<bean id="dataSource" 
      class="org.springframework.jdbc.datasource.DriverManagerDataSource">
      <property name="driverClassName" value="oracle.jdbc.driver.OracleDriver"/>
      <property name="url" value="jdbc:oracle:thin:@10.232.71.29:1521:INATP02"/>
      <property name="username" value="shobana"/>
      <property name="password" value="shobana"/>
   </bean>
   <!-- Definition for studentJDBCTemplate bean -->
   <bean id="employeeJDBCTemplate" 
      class="com.project.BirthdayAPI.Employee.EmployeeDaoImpl">
      <property name="dataSource"  ref="dataSource" />    
   </bean>
   <bean id="attendeeJDBCTemplate" 
      class="com.project.BirthdayAPI.Attendees.AttendeeDaoImpl">
      <property name="dataSource"  ref="dataSource" />    
   </bean>
   <bean id="hostJDBCTemplate" 
      class="com.project.BirthdayAPI.Host.HostDaoImpl">
      <property name="dataSource"  ref="dataSource" />    
   </bean>
   <bean id="response" class="com.project.BirthdayAPI.Response.Response"></bean>
   <bean id="error" class="com.project.BirthdayAPI.Response.ErrorDetails"></bean>
   <bean id="data" class="com.project.BirthdayAPI.Response.Data"></bean>
   <bean id="metadata" class="com.project.BirthdayAPI.Response.MetaData"></bean>
   <bean id="hostresponse" class="com.project.BirthdayAPI.Responses.HostResponse.HostResponse"></bean>
   <bean id="hosterror" class="com.project.BirthdayAPI.Responses.HostResponse.ErrorDetails"></bean>
   <bean id="hostdata" class="com.project.BirthdayAPI.Responses.HostResponse.Data"></bean>
   <bean id="hostmetadata" class="com.project.BirthdayAPI.Responses.HostResponse.MetaData"></bean>
</beans>