<beans xmlns="http://www.springframework.org/schema/beans"
	xmlns:xsi="http://www.w3.org/2001/XMLSchema-instance"
	xsi:schemaLocation="http://www.springframework.org/schema/beans
	http://www.springframework.org/schema/beans/spring-beans-3.0.xsd">

	<bean id="triangle" class="tra.sample.BeanFactory.Triangle" scope = "singleton">

	</bean>

	<bean id="helloWorldBean" class="tra.sample.BeanFactory.HelloWorldBean">
		<property name="message" value="Iam hello world bean" />
	</bean>	
	
	<bean id="helloEarthBean" class="tra.sample.BeanFactory.HelloEarthBean">
		<property name="info" value="Iam Hello Earth BEan."/>
		<property name="hwb" ref="helloWorldBean" />
	</bean>	
	
	<bean id="textEditor" class="tra.sample.BeanFactory.TextEditor">
      <constructor-arg ref="spellChecker"/>
   </bean>

   <!-- Definition for spellChecker bean -->
   <bean id="spellChecker" class="tra.sample.BeanFactory.SpellChecker">
     <property name="language" value="English"/>
   </bean>

</beans>